Workbook

Sheet 00_Dashboard
A1: 《등 뒤의 메모》 판매 준비 구현 체크리스트 Dashboard
A2: KPI | B2: Value | C2: Definition | E2: STATUS | F2: Count | G2: Share | H2: Release Meaning
A3: 총 체크 항목 | B3: =COUNTA('01_Master_Checklist'!$A$2:$A$242) -> 241 | C3: 전체 구현/검수 항목 수 | E3: 대기 | F3: =COUNTIF('01_Master_Checklist'!$J$2:$J$242,E3) -> 241 | G3: =IFERROR(F3/$B$3,0) -> 1 | H3: 아직 착수 전
A4: OK | B4: =COUNTIF('01_Master_Checklist'!$J$2:$J$242,"OK") -> 0 | C4: 완료 승인된 항목 | E4: 진행중 | F4: =COUNTIF('01_Master_Checklist'!$J$2:$J$242,E4) -> 0 | G4: =IFERROR(F4/$B$3,0) -> 0 | H4: 작업 중
A5: 진행중 | B5: =COUNTIF('01_Master_Checklist'!$J$2:$J$242,"진행중") -> 0 | C5: 작업 중인 항목 | E5: 검토중 | F5: =COUNTIF('01_Master_Checklist'!$J$2:$J$242,E5) -> 0 | G5: =IFERROR(F5/$B$3,0) -> 0 | H5: QA/리뷰 중
A6: 차단 | B6: =COUNTIF('01_Master_Checklist'!$J$2:$J$242,"차단") -> 0 | C6: 출시 전 해결 필요 | E6: 차단 | F6: =COUNTIF('01_Master_Checklist'!$J$2:$J$242,E6) -> 0 | G6: =IFERROR(F6/$B$3,0) -> 0 | H6: 릴리즈 차단
A7: 필수 미완료 | B7: =COUNTIFS('01_Master_Checklist'!$I$2:$I$242,"필수",'01_Master_Checklist'!$J$2:$J$242,"<>OK") -> 191 | C7: 0이어야 릴리즈 게이트 통과 | E7: OK | F7: =COUNTIF('01_Master_Checklist'!$J$2:$J$242,E7) -> 0 | G7: =IFERROR(F7/$B$3,0) -> 0 | H7: 완료 승인
A8: 전체 미완료 | B8: =COUNTIF('01_Master_Checklist'!$J$2:$J$242,"<>OK") -> 241 | C8: 전체 체크리스트가 OK인지 확인 | E8: 보류 | F8: =COUNTIF('01_Master_Checklist'!$J$2:$J$242,E8) -> 0 | G8: =IFERROR(F8/$B$3,0) -> 0 | H8: 범위 재검토
A9: 전체 진행률 | B9: =IFERROR(B4/B3,0) -> 0 | C9: OK / 전체 | E9: N/A | F9: =COUNTIF('01_Master_Checklist'!$J$2:$J$242,E9) -> 0 | G9: =IFERROR(F9/$B$3,0) -> 0 | H9: 이번 릴리즈 제외
A10: 판매 가능 판정 | B10: =IF(AND(B6=0,B7=0),"READY","NOT READY") -> NOT READY | C10: 필수 및 전체 항목 모두 OK 필요
A13: Domain | B13: Total | C13: OK | D13: 필수 미완료 | E13: Progress
A14: Core Rules | B14: =COUNTIF('01_Master_Checklist'!$B$2:$B$242,A14) -> 15 | C14: =COUNTIFS('01_Master_Checklist'!$B$2:$B$242,A14,'01_Master_Checklist'!$J$2:$J$242,"OK") -> 0 | D14: =COUNTIFS('01_Master_Checklist'!$B$2:$B$242,A14,'01_Master_Checklist'!$I$2:$I$242,"필수",'01_Master_Checklist'!$J$2:$J$242,"<>OK") -> 15 | E14: =IFERROR(C14/B14,0) -> 0
A15: Memo System | B15: =COUNTIF('01_Master_Checklist'!$B$2:$B$242,A15) -> 18 | C15: =COUNTIFS('01_Master_Checklist'!$B$2:$B$242,A15,'01_Master_Checklist'!$J$2:$J$242,"OK") -> 0 | D15: =COUNTIFS('01_Master_Checklist'!$B$2:$B$242,A15,'01_Master_Checklist'!$I$2:$I$242,"필수",'01_Master_Checklist'!$J$2:$J$242,"<>OK") -> 18 | E15: =IFERROR(C15/B15,0) -> 0
A16: Mafia System | B16: =COUNTIF('01_Master_Checklist'!$B$2:$B$242,A16) -> 17 | C16: =COUNTIFS('01_Master_Checklist'!$B$2:$B$242,A16,'01_Master_Checklist'!$J$2:$J$242,"OK") -> 0 | D16: =COUNTIFS('01_Master_Checklist'!$B$2:$B$242,A16,'01_Master_Checklist'!$I$2:$I$242,"필수",'01_Master_Checklist'!$J$2:$J$242,"<>OK") -> 17 | E16: =IFERROR(C16/B16,0) -> 0
A17: Day Night & Minigames | B17: =COUNTIF('01_Master_Checklist'!$B$2:$B$242,A17) -> 15 | C17: =COUNTIFS('01_Master_Checklist'!$B$2:$B$242,A17,'01_Master_Checklist'!$J$2:$J$242,"OK") -> 0 | D17: =COUNTIFS('01_Master_Checklist'!$B$2:$B$242,A17,'01_Master_Checklist'!$I$2:$I$242,"필수",'01_Master_Checklist'!$J$2:$J$242,"<>OK") -> 15 | E17: =IFERROR(C17/B17,0) -> 0
A18: Item System | B18: =COUNTIF('01_Master_Checklist'!$B$2:$B$242,A18) -> 67 | C18: =COUNTIFS('01_Master_Checklist'!$B$2:$B$242,A18,'01_Master_Checklist'!$J$2:$J$242,"OK") -> 0 | D18: =COUNTIFS('01_Master_Checklist'!$B$2:$B$242,A18,'01_Master_Checklist'!$I$2:$I$242,"필수",'01_Master_Checklist'!$J$2:$J$242,"<>OK") -> 33 | E18: =IFERROR(C18/B18,0) -> 0
A19: Progression | B19: =COUNTIF('01_Master_Checklist'!$B$2:$B$242,A19) -> 15 | C19: =COUNTIFS('01_Master_Checklist'!$B$2:$B$242,A19,'01_Master_Checklist'!$J$2:$J$242,"OK") -> 0 | D19: =COUNTIFS('01_Master_Checklist'!$B$2:$B$242,A19,'01_Master_Checklist'!$I$2:$I$242,"필수",'01_Master_Checklist'!$J$2:$J$242,"<>OK") -> 15 | E19: =IFERROR(C19/B19,0) -> 0
A20: UI UX & Character | B20: =COUNTIF('01_Master_Checklist'!$B$2:$B$242,A20) -> 14 | C20: =COUNTIFS('01_Master_Checklist'!$B$2:$B$242,A20,'01_Master_Checklist'!$J$2:$J$242,"OK") -> 0 | D20: =COUNTIFS('01_Master_Checklist'!$B$2:$B$242,A20,'01_Master_Checklist'!$I$2:$I$242,"필수",'01_Master_Checklist'!$J$2:$J$242,"<>OK") -> 14 | E20: =IFERROR(C20/B20,0) -> 0
A21: Network & Backend | B21: =COUNTIF('01_Master_Checklist'!$B$2:$B$242,A21) -> 15 | C21: =COUNTIFS('01_Master_Checklist'!$B$2:$B$242,A21,'01_Master_Checklist'!$J$2:$J$242,"OK") -> 0 | D21: =COUNTIFS('01_Master_Checklist'!$B$2:$B$242,A21,'01_Master_Checklist'!$I$2:$I$242,"필수",'01_Master_Checklist'!$J$2:$J$242,"<>OK") -> 15 | E21: =IFERROR(C21/B21,0) -> 0
A22: Art Audio Level | B22: =COUNTIF('01_Master_Checklist'!$B$2:$B$242,A22) -> 12 | C22: =COUNTIFS('01_Master_Checklist'!$B$2:$B$242,A22,'01_Master_Checklist'!$J$2:$J$242,"OK") -> 0 | D22: =COUNTIFS('01_Master_Checklist'!$B$2:$B$242,A22,'01_Master_Checklist'!$I$2:$I$242,"필수",'01_Master_Checklist'!$J$2:$J$242,"<>OK") -> 12 | E22: =IFERROR(C22/B22,0) -> 0
A23: QA & Balance | B23: =COUNTIF('01_Master_Checklist'!$B$2:$B$242,A23) -> 17 | C23: =COUNTIFS('01_Master_Checklist'!$B$2:$B$242,A23,'01_Master_Checklist'!$J$2:$J$242,"OK") -> 0 | D23: =COUNTIFS('01_Master_Checklist'!$B$2:$B$242,A23,'01_Master_Checklist'!$I$2:$I$242,"필수",'01_Master_Checklist'!$J$2:$J$242,"<>OK") -> 17 | E23: =IFERROR(C23/B23,0) -> 0
A24: Release Operations | B24: =COUNTIF('01_Master_Checklist'!$B$2:$B$242,A24) -> 20 | C24: =COUNTIFS('01_Master_Checklist'!$B$2:$B$242,A24,'01_Master_Checklist'!$J$2:$J$242,"OK") -> 0 | D24: =COUNTIFS('01_Master_Checklist'!$B$2:$B$242,A24,'01_Master_Checklist'!$I$2:$I$242,"필수",'01_Master_Checklist'!$J$2:$J$242,"<>OK") -> 20 | E24: =IFERROR(C24/B24,0) -> 0
A25: Polish & Expansion | B25: =COUNTIF('01_Master_Checklist'!$B$2:$B$242,A25) -> 16 | C25: =COUNTIFS('01_Master_Checklist'!$B$2:$B$242,A25,'01_Master_Checklist'!$J$2:$J$242,"OK") -> 0 | D25: =COUNTIFS('01_Master_Checklist'!$B$2:$B$242,A25,'01_Master_Checklist'!$I$2:$I$242,"필수",'01_Master_Checklist'!$J$2:$J$242,"<>OK") -> 0 | E25: =IFERROR(C25/B25,0) -> 0

Sheet 01_Master_Checklist
A1: ID | B1: Domain | C1: Feature | D1: Task | E1: Acceptance Criteria | F1: Owner | G1: Role | H1: Priority | I1: Ship Gate | J1: STATUS | K1: QA Type | L1: Platform | M1: Milestone | N1: Dependency | O1: Risk | P1: Evidence Link | Q1: Due Date | R1: Notes
A2: CHK-0001 | B2: Core Rules | C2: 게임 루프 | D2: 낮/밤/회의 상태 머신 구현 | E2: 낮, 밤, 낮 시작 회의 상태가 서버 기준으로 전환되고 클라이언트 UI가 동일하게 반영된다. | F2: TBD | G2: 기획 | H2: P0 | I2: 필수 | J2: 대기 | K2: 통합 | L2: 공통 | M2: MVP | O2: 중
A3: CHK-0002 | B3: Core Rules | C3: 게임 루프 | D3: 최후 생존자 승리 판정 | E3: 생존자가 1명 남는 즉시 역할과 무관하게 해당 플레이어 승리로 종료된다. | F3: TBD | G3: 기획 | H3: P0 | I3: 필수 | J3: 대기 | K3: 통합 | L3: 공통 | M3: MVP | O3: 중
A4: CHK-0003 | B4: Core Rules | C4: 게임 루프 | D4: 사망 후 관전 모드 | E4: 사망자는 이동/메모/아이템/미니게임/회의 영향이 차단되고 관전만 가능하다. | F4: TBD | G4: 기획 | H4: P0 | I4: 필수 | J4: 대기 | K4: 통합 | L4: 공통 | M4: MVP | O4: 중
A5: CHK-0004 | B5: Core Rules | C5: 게임 루프 | D5: 동시 사망 처리 | E5: 같은 틱에 여러 플레이어가 3장 사망해도 최종 생존자 판정이 결정론적으로 처리된다. | F5: TBD | G5: 기획 | H5: P0 | I5: 필수 | J5: 대기 | K5: 통합 | L5: 공통 | M5: MVP | O5: 중
A6: CHK-0005 | B6: Core Rules | C6: 게임 루프 | D6: 중도 이탈 처리 | E6: 플레이어 이탈 시 생존자 수, 마피아 유전 후보, 승리 판정이 정상 갱신된다. | F6: TBD | G6: 기획 | H6: P0 | I6: 필수 | J6: 대기 | K6: 통합 | L6: 공통 | M6: MVP | O6: 중
A7: CHK-0006 | B7: Core Rules | C7: 게임 루프 | D7: 재접속 처리 | E7: 일시 네트워크 끊김 후 재접속 시 역할/메모/아이템/상태가 서버 값으로 복구된다. | F7: TBD | G7: 기획 | H7: P0 | I7: 필수 | J7: 대기 | K7: 통합 | L7: 공통 | M7: MVP | O7: 중
A8: CHK-0007 | B8: Core Rules | C8: 역할 | D8: 시민 역할 배정 | E8: 시민 플레이어에게 기본 능력과 색상 메모 제한이 적용된다. | F8: TBD | G8: 기획 | H8: P0 | I8: 필수 | J8: 대기 | K8: 통합 | L8: 공통 | M8: MVP | O8: 중
A9: CHK-0008 | B9: Core Rules | C9: 역할 | D9: 마피아 역할 배정 | E9: 마피아에게 색 위조, 빠른 메모 획득, 전용 UI가 적용된다. | F9: TBD | G9: 기획 | H9: P0 | I9: 필수 | J9: 대기 | K9: 통합 | L9: 공통 | M9: MVP | O9: 중
A10: CHK-0009 | B10: Core Rules | C10: 역할 | D10: 역할 비공개 유지 | E10: 자신 외에는 역할이 UI/로그/네트워크 패킷으로 노출되지 않는다. | F10: TBD | G10: 기획 | H10: P0 | I10: 필수 | J10: 대기 | K10: 통합 | L10: 공통 | M10: MVP | O10: 중
A11: CHK-0010 | B11: Core Rules | C11: 역할 | D11: 역할 변경 이벤트 | E11: 마피아 유전으로 역할이 바뀔 때 기존 상태와 신규 능력이 충돌 없이 전환된다. | F11: TBD | G11: 기획 | H11: P0 | I11: 필수 | J11: 대기 | K11: 통합 | L11: 공통 | M11: MVP | O11: 중
A12: CHK-0011 | B12: Core Rules | C12: 회의 | D12: 투표/추방 제거 | E12: 회의에서 투표 제거 UI가 없고, 회의는 정보 공유와 분위기 형성만 담당한다. | F12: TBD | G12: 기획 | H12: P0 | I12: 필수 | J12: 대기 | K12: 통합 | L12: 공통 | M12: MVP | O12: 중
A13: CHK-0012 | B13: Core Rules | C13: 회의 | D13: 낮 시작 전체 회의 | E13: 매 낮 시작 시 지정 시간 동안 전체 음성/채팅/상태 UI가 활성화된다. | F13: TBD | G13: 기획 | H13: P0 | I13: 필수 | J13: 대기 | K13: 통합 | L13: 공통 | M13: MVP | O13: 중
... A242: CHK-0241 | B242: Polish & Expansion | C242: 빌드 | D242: 로그 레벨 | E242: 개발/스테이징/라이브 로그 레벨이 분리되어 있다. | F242: TBD | G242: PM | H242: P2 | I242: 권장 | J242: 대기 | K242: 문서 | L242: 공통 | M242: Post Launch | O242: 중

Sheet 02_Release_Gates
A1: Gate ID | B1: Gate | C1: Required Criteria | D1: Owner | E1: STATUS | F1: Open Required Tasks | G1: Release Decision | H1: Evidence / Link | I1: Notes
A2: GATE-01 | B2: Core Rule Lock | C2: 최후 생존자, 메모 3장 사망, 자기 등 비공개, 투표 제거가 모두 확정 | D2: Producer | E2: 대기 | F2: =COUNTIFS('01_Master_Checklist'!$I$2:$I$242,"필수",'01_Master_Checklist'!$J$2:$J$242,"<>OK") -> 191 | G2: =IF(AND(E2="OK",F2=0),"PASS","HOLD") -> HOLD
A3: GATE-02 | B3: Network Authority | C3: 메모/아이템/역할/사망/승리 판정 서버 권한 검증 완료 | D3: Server Engineer | E3: 대기 | F3: =COUNTIFS('01_Master_Checklist'!$I$2:$I$242,"필수",'01_Master_Checklist'!$J$2:$J$242,"<>OK") -> 191 | G3: =IF(AND(E3="OK",F3=0),"PASS","HOLD") -> HOLD
A4: GATE-03 | B4: Mafia System | C4: 색 위조, 빠른 메모 수급, 마피아 유전, 비공개 정보 정책 완료 | D4: Game Designer | E4: 대기 | F4: =COUNTIFS('01_Master_Checklist'!$I$2:$I$242,"필수",'01_Master_Checklist'!$J$2:$J$242,"<>OK") -> 191 | G4: =IF(AND(E4="OK",F4=0),"PASS","HOLD") -> HOLD
A5: GATE-04 | B5: Item Core | C5: 카메라, 로프, 투명화 주스, 힐이 사용 가능하고 밸런스 검증 완료 | D5: Client Engineer | E5: 대기 | F5: =COUNTIFS('01_Master_Checklist'!$I$2:$I$242,"필수",'01_Master_Checklist'!$J$2:$J$242,"<>OK") -> 191 | G5: =IF(AND(E5="OK",F5=0),"PASS","HOLD") -> HOLD
A6: GATE-05 | B6: UX Readability | C6: 등 메모, 색상, 위험 상태, 아이템 HUD가 초보자에게 이해 가능 | D6: UI/UX Designer | E6: 대기 | F6: =COUNTIFS('01_Master_Checklist'!$I$2:$I$242,"필수",'01_Master_Checklist'!$J$2:$J$242,"<>OK") -> 191 | G6: =IF(AND(E6="OK",F6=0),"PASS","HOLD") -> HOLD
A7: GATE-06 | B7: Balance | C7: 도망 메타, 마피아 승률, 아이템 승률 영향이 목표 범위 | D7: Balance Designer | E7: 대기 | F7: =COUNTIFS('01_Master_Checklist'!$I$2:$I$242,"필수",'01_Master_Checklist'!$J$2:$J$242,"<>OK") -> 191 | G7: =IF(AND(E7="OK",F7=0),"PASS","HOLD") -> HOLD
A8: GATE-07 | B8: QA Regression | C8: P0/P1 필수 기능 회귀 테스트 통과, 크래시 프리 기준 달성 | D8: QA Lead | E8: 대기 | F8: =COUNTIFS('01_Master_Checklist'!$I$2:$I$242,"필수",'01_Master_Checklist'!$J$2:$J$242,"<>OK") -> 191 | G8: =IF(AND(E8="OK",F8=0),"PASS","HOLD") -> HOLD
A9: GATE-08 | B9: Security & Moderation | C9: 치트, 정보 노출, 신고/제재, 금칙어/콘텐츠 악용 방지 | D9: Security Lead | E9: 대기 | F9: =COUNTIFS('01_Master_Checklist'!$I$2:$I$242,"필수",'01_Master_Checklist'!$J$2:$J$242,"<>OK") -> 191 | G9: =IF(AND(E9="OK",F9=0),"PASS","HOLD") -> HOLD
A10: GATE-09 | B10: Progression & Economy | C10: 레벨업/전생/보상/상점이 P2W 없이 정상 저장 | D10: LiveOps Manager | E10: 대기 | F10: =COUNTIFS('01_Master_Checklist'!$I$2:$I$242,"필수",'01_Master_Checklist'!$J$2:$J$242,"<>OK") -> 191 | G10: =IF(AND(E10="OK",F10=0),"PASS","HOLD") -> HOLD
A11: GATE-10 | B11: Store & Legal | C11: 스토어, 약관, 개인정보, 등급, 빌드 업로드 준비 완료 | D11: Store Manager | E11: 대기 | F11: =COUNTIFS('01_Master_Checklist'!$I$2:$I$242,"필수",'01_Master_Checklist'!$J$2:$J$242,"<>OK") -> 191 | G11: =IF(AND(E11="OK",F11=0),"PASS","HOLD") -> HOLD

Sheet 03_Item_Balance
A1: Item | B1: Rarity | C1: Primary Role | D1: Default Uses | E1: Cooldown / Duration | F1: Counterplay | G1: Core Risk | H1: Tuning Owner | I1: STATUS | J1: Balance KPI
A2: 카메라 | B2: Rare | C2: 증거/분탕 단서 | D2: 1~2회 | E2: 촬영 즉시 / 사진 메모 | F2: 사진 흐림, 시간 미표시 | G2: 증거력이 너무 강해짐 | H2: Balance Designer | I2: 대기 | J2: 사진 보유자 승률 편차 < +5%
A3: 로프 | B3: Rare | C3: 도망 메타 견제 | D3: 1회 | E3: 2~3초 구속 | F3: 조준 난이도, 벽 충돌, 탈출 입력 | G3: 맞으면 확정 사망 느낌 | H3: Balance Designer | I3: 대기 | J3: 로프 명중 후 10초 내 사망률 목표 이하
A4: 투명화 주스 | B4: Epic | C4: 접근/도주 변수 | D4: 1회 | E4: 4~5초 | F4: 근거리 실루엣, 부착 시 해제 | G4: 완전 은신으로 추리 붕괴 | H4: Balance Designer | I4: 대기 | J4: 투명화 사용자 승률 편차 < +7%
A5: 힐 | B5: Rare | C5: 방어/거래 | D5: 1회 | E5: 1.5~2초 사용 | F5: 사용 모션 노출, 희귀 스폰 | G5: 3장 사망 긴장감 약화 | H5: Balance Designer | I5: 대기 | J5: 평균 경기 시간 과도 증가 없음
A6: 잉크 폭탄 | B6: Common | C6: 시야 방해 | D6: 1회 | E6: 3초 | F6: 좁은 범위, 피아 구분 없음 | G6: 난전 가독성 저하 | H6: Balance Designer | I6: 대기 | J6: 사용 후 이탈/불만 지표 낮음
A7: 가짜 메모지 | B7: Rare | C7: 심리 압박 | D7: 1회 | E7: 영구/카운트 제외 | F7: 질감 차이 | G7: 메모 카운트 혼란 과다 | H7: Balance Designer | I7: 대기 | J7: 초보자 오해율 목표 이하
A8: 메모 방패 | B8: Epic | C8: 방어 | D8: 1회 | E8: 8초 | F8: 짧은 지속, 희귀 | G8: 후반 교착 | H8: Balance Designer | I8: 대기 | J8: 2장 생존률 조정 가능
A9: 메모 탐지기 | B9: Rare | C9: 상태 파악 | D9: 1회 | E9: 짧은 지속 | F9: 개수만 표시 | G9: 정보 공개 과다 | H9: Balance Designer | I9: 대기 | J9: 탐지 후 사망 유도율 목표 범위
A10: 발소리 증폭기 | B10: Common | C10: 접근 감지 | D10: 1회 | E10: 짧은 지속 | F10: 시야 정보 없음 | G10: 사운드 혼잡 | H10: Sound Designer | I10: 대기 | J10: 투명화 대응 체감 확보
A11: 미끼 인형 | B11: Rare | C11: 교란/도주 | D11: 1회 | E11: 짧은 수명 | F11: 가까이 보면 가짜 | G11: 혼란 과다 | H11: Client Engineer | I11: 대기 | J11: 로프 낭비율 목표 범위
A12: 접착제 | B12: Common | C12: 지역 통제 | D12: 1회 | E12: 감속 | F12: 바닥 시각 단서 | G12: 맵 특정 구역 봉쇄 | H12: Level Designer | I12: 대기 | J12: 특정 위치 사망률 편중 없음
... A15: 위치 핑 메모 | B15: Rare | C15: 알리바이 단서 | D15: 1회 | E15: 구역명 기록 | F15: 정확 좌표 미표시 | G15: 추리 과도 단순화 | H15: Game Designer | I15: 대기 | J15: 회의 발언 근거 증가

Sheet 04_Milestones
A1: Milestone | B1: Goal | C1: Entry Criteria | D1: Exit Criteria | E1: Target Build | F1: Owner | G1: STATUS | H1: Open P0 | I1: Notes
A2: MVP | B2: 핵심 규칙 플레이 가능 | C2: 역할/메모/사망/낮밤 기초 구현 | D2: 4~6인에서 최후 생존자 승리까지 한 판 완료 | E2: Internal | F2: Producer | G2: 대기 | H2: =COUNTIFS('01_Master_Checklist'!$M$2:$M$242,A2,'01_Master_Checklist'!$H$2:$H$242,"P0",'01_Master_Checklist'!$J$2:$J$242,"<>OK") -> 48
A3: Alpha | B3: 서버 권한과 핵심 시스템 안정화 | C3: MVP 통과 | D3: 마피아 유전, 아이템 공통, 네트워크 동기화 통과 | E3: Closed Alpha | F3: Producer | G3: 대기 | H3: =COUNTIFS('01_Master_Checklist'!$M$2:$M$242,A3,'01_Master_Checklist'!$H$2:$H$242,"P0",'01_Master_Checklist'!$J$2:$J$242,"<>OK") -> 41
A4: Beta | B4: 콘텐츠와 UX 검증 | C4: Alpha 통과 | D4: 카메라/로프/힐/투명화, UI, 맵, 튜토리얼 검증 | E4: Closed Beta | F4: Producer | G4: 대기 | H4: =COUNTIFS('01_Master_Checklist'!$M$2:$M$242,A4,'01_Master_Checklist'!$H$2:$H$242,"P0",'01_Master_Checklist'!$J$2:$J$242,"<>OK") -> 38
A5: RC | B5: 출시 후보 | C5: Beta 통과 | D5: QA 회귀, 성능, 보안, 밸런스 기준 통과 | E5: Release Candidate | F5: QA Lead | G5: 대기 | H5: =COUNTIFS('01_Master_Checklist'!$M$2:$M$242,A5,'01_Master_Checklist'!$H$2:$H$242,"P0",'01_Master_Checklist'!$J$2:$J$242,"<>OK") -> 17
A6: Launch | B6: 판매 시작 | C6: RC 통과 | D6: 스토어/법무/운영/런칭 체크 회의 완료 | E6: Live | F6: Store Manager | G6: 대기 | H6: =COUNTIFS('01_Master_Checklist'!$M$2:$M$242,A6,'01_Master_Checklist'!$H$2:$H$242,"P0",'01_Master_Checklist'!$J$2:$J$242,"<>OK") -> 20
A7: Season 1 | B7: 성장/전생/라이브 운영 | C7: Launch 안정화 | D7: 레벨업, 전생, 시즌 보상 공개 | E7: Live Update | F7: LiveOps Manager | G7: 대기 | H7: =COUNTIFS('01_Master_Checklist'!$M$2:$M$242,A7,'01_Master_Checklist'!$H$2:$H$242,"P0",'01_Master_Checklist'!$J$2:$J$242,"<>OK") -> 0

Sheet 99_Lists
A1: STATUS | C1: Priority | E1: Ship Gate | G1: Role | I1: Owner | K1: QA Type | M1: Platform
A2: 대기 | C2: P0 | E2: 필수 | G2: 기획 | I2: TBD | K2: 기능 | M2: 공통
A3: 진행중 | C3: P1 | E3: 권장 | G3: 클라이언트 | I3: Game Designer | K3: 통합 | M3: PC
A4: 검토중 | C4: P2 | E4: 실험 | G4: 서버 | I4: Client Engineer | K4: 밸런스 | M4: Mobile
A5: 차단 | C5: P3 | G5: UI/UX | I5: Server Engineer | K5: UX | M5: Console
A6: OK | G6: 아트 | I6: UI/UX Designer | K6: 성능 | M6: Server
A7: 보류 | G7: 애니메이션 | I7: Gameplay Artist | K7: 보안 | M7: Backend
A8: N/A | G8: 사운드 | I8: Animator | K8: 회귀 | M8: Store
G9: QA | I9: Sound Designer | K9: 플랫폼 | M9: LiveOps
G10: 밸런스 | I10: QA Lead | K10: 운영
G11: 보안 | I11: Balance Designer | K11: 문서
G12: 데이터 | I12: Data Analyst
G13: 운영 | I13: LiveOps Manager
G14: PM | I14: Producer
G15: 법무/사업 | I15: Legal/Business
G16: 스토어 | I16: Store Manager
